"Mo","Nb","Ta","V","W","alloy_cnt","m_log_max_strain","m_bc_1","m_bc_2","m_bc_3","m_bc_4","var_log_max_strain","var_bc_1","var_bc_2","var_bc_3","var_bc_4"
0.9,0.1,0,0,0,3,0.0609889677576209,1.05575373530208,0.934901142874084,-1.00273128536057,-0.154998342110668,-7.22205083651921,-8.27767150851504,-8.64026958074868,-8.69907280491618,-8.83498426548915
0.9,0,0.1,0,0,4,-0.0780724626856376,1.03214567130975,0.928140316918197,-0.848223768027044,-0.338125383529795,-6.49183468115133,-7.46277711367135,-7.80002389552115,-8.12955436278371,-7.78278586301749
0.9,0,0,0.1,0,5,0.297954473134277,1.17411743347874,1.06969320364223,-0.943175622523104,0.0134131314661312,-5.25285126678475,-6.19460662883716,-6.43942859248476,-7.32959694676707,-6.52688141086434
0.9,0,0,0,0.1,6,0.430205094770773,1.67938232515962,1.51679394953083,-1.19000656835585,0.459446267610277,-9.20501005745719,-9.92041493091822,-10.130778723944,-12.2487060455648,-8.54443666487669
0.7,0.3,0,0,0,13,-0.42998338129067,0.31616105185561,0.18060878401068,-0.604403184959669,-0.440039882417937,-5.55329493735382,-7.00155654911132,-7.26085261787225,-7.62572991358409,-8.16990252905101
0.7,0,0.3,0,0,14,-0.34219396974716,0.318786685873313,0.358627277602756,-0.241731953603999,-0.658461000455937,-4.13011759121401,-5.41168293222648,-5.51065882403897,-6.54482423676014,-8.20700413432478
0.7,0,0,0.3,0,15,0.316072191652487,0.63139284298934,0.557848752223557,-0.631201476840876,-0.341524055314914,-7.98003865763214,-9.07702195326501,-9.078332181762,-13.6393730752518,-7.54885863871837
0.7,0,0,0,0.3,16,0.116710803822065,1.61361414511648,1.48075960860237,-1.09885223452656,0.0552930766549487,-6.57282289006354,-7.2547355134221,-7.43662702632897,-9.67716885140079,-5.9732809018707
0.5,0.5,0,0,0,31,-0.604701695913555,-0.184049752974885,-0.358948081483839,-0.419070663674229,-0.428493082352378,-8.79160885276794,-10.5928262137978,-10.6604539283407,-11.4336618831087,-10.0763586507166
0.5,0,0.5,0,0,32,-0.110702061374272,-0.118822794773503,-0.0452067288342365,0.203489292992169,-0.457065604730804,-4.73599753754238,-6.18104573146048,-6.08341759058504,-8.99828466241773,-9.04127796263151
0.5,0,0,0.5,0,33,0.338698462039899,0.169936276820645,0.0831261480719866,-0.508561081672222,-0.477688162935516,-4.18051230847773,-5.66651806340385,-5.92886131986768,-6.64477662010231,-5.44719954307401
0.5,0,0,0,0.5,34,-0.0370495350921212,1.62591090236998,1.52349779949995,-1.01629226532231,-0.0860498613412664,-4.79230953741904,-5.4537718311881,-5.67871498009288,-7.05197284553221,-4.86986486880291
0.3,0.7,0,0,0,49,-0.531437734716454,-0.574723590391586,-0.731179618584584,-0.386669031465124,-0.471049251288271,-4.22087857631468,-6.43292681863812,-6.89876245817543,-6.63800009666835,-6.69531925049428
0.3,0,0.7,0,0,50,0.455610096474048,-0.385437565112185,-0.294256603944072,0.66825940388159,0.128720551730045,-4.7707200766293,-6.22209000956333,-5.81911416108192,-7.42006657739162,-6.7775210506358
0.3,0,0,0.7,0,51,0.130105624691275,-0.307082821229838,-0.437136640917574,-0.493534862691846,-0.538964563518023,-3.47048810849678,-5.35312598631861,-5.68003315388571,-6.17727029415667,-4.68898666497766
0.3,0,0,0,0.7,52,-0.0239007697804421,1.73271085694174,1.66948209722456,-0.985064610304319,-0.0579828547934363,-6.51625005436615,-7.10336221814863,-7.23891727224435,-9.79790089885031,-6.1112018606134
0.1,0.9,0,0,0,64,-0.16268819372171,-0.770584116030372,-0.997198249530998,-0.538811868987236,-0.311296157142712,-4.54305050198869,-7.0657582849923,-7.80023823565997,-6.97567992181723,-6.13031374428307
0.1,0,0.9,0,0,65,1.6298058278034,-0.354457802368009,0.00764280017080583,1.89524854593487,1.73130888851727,-6.35355203996332,-7.25862354526849,-6.3488865701397,-5.76547657268047,-5.76239859518563
0.1,0,0,0.9,0,66,-0.18507171222429,-0.706056862554454,-0.916499817000743,-0.5570867457172,-0.501563258065128,-5.65573918611225,-8.05971999142308,-8.66317212533414,-7.89777467967189,-7.0818188665725
0.1,0,0,0,0.9,67,0.292325721054186,2.085088377886,2.04199213320247,-0.996436572572513,0.420706365248819,-7.59172310428523,-8.03446081792059,-8.05973308492503,-11.8132472853453,-7.01582904707618
0,0.9,0.1,0,0,69,0.977002559629917,-0.616091112061344,-0.917576630185868,-0.595087450790923,0.673841346013961,-4.84440587331201,-7.14887205879898,-7.39246999715912,-9.51137779899567,-4.33148457413081
0,0.9,0,0.1,0,70,-0.652034628406092,-1.12760781037289,-1.26379347870986,-0.165267815126031,-0.559963364469555,-4.39360890192993,-7.1940406898556,-7.71115471429759,-7.11907419755928,-7.83005613298383
0,0.9,0,0,0.1,71,-0.114422920923212,-0.715826218551562,-0.940642149313569,-0.571228075818349,-0.291144741843113,-4.12170017342312,-6.60521596502519,-7.32527475978807,-6.6565146614076,-5.52785623682668
0,0.7,0.3,0,0,75,1.41624557265928,-0.513565629245517,-0.710004590390661,-0.0228455490440714,1.32616813244233,-7.40816450226746,-9.29387734146291,-8.97254071021518,-8.7652076276749,-6.58227063100839
0,0.7,0,0.3,0,76,-1.40003798089259,-1.43050545539438,-1.46726036665682,0.31541290713317,-0.631295319460243,-3.743861543314,-6.68680348666662,-6.66170864500224,-7.8021744941756,-9.37679534902645
0,0.7,0,0,0.3,77,-0.320971934091535,-0.390170278111141,-0.541112412923273,-0.491639890674983,-0.393600065777014,-6.70294872292922,-8.90833846350117,-9.29900496834927,-9.1882317469902,-8.21054737655993
0,0.5,0.5,0,0,81,1.76857718880614,-0.39867086580768,-0.410891721758671,0.790122576214013,2.01522161879088,-5.36972843545288,-6.73359277152833,-6.01316007548331,-5.28104112198644,-4.19567453091024
0,0.5,0,0.5,0,82,-1.8400616461832,-1.5263705230608,-1.53208270884628,0.46528016226645,-0.662959265548808,-4.57659299206532,-7.50327733864181,-7.37879993827932,-9.27816077691141,-9.13357516615083
0,0.5,0,0,0.5,83,-0.464774730405108,0.0507038037101372,-0.0337326434644565,-0.489821647988727,-0.475329260856162,-4.80620488166156,-5.44718478623987,-5.57578516390515,-6.58341592269453,-7.00711495923218
0,0.3,0.7,0,0,90,2.02076915665097,-0.29178873897264,-0.0605385515674694,1.75532995475369,2.62761704777809,-5.64638026950304,-6.53126244413793,-5.59118812220419,-4.70332678507986,-4.32998584867699
0,0.3,0,0.7,0,91,-2.17508707838037,-1.49571632048406,-1.50500341871536,0.408599823483704,-0.719970358060458,-2.5079552472791,-5.40484311859574,-5.39138227017397,-6.37712684850474,-6.16340316444286
0,0.3,0,0,0.7,92,-0.27444366179445,0.678769595467279,0.62892689000639,-0.635118643073789,-0.3919186302347,-5.04850871436007,-6.17853931708609,-6.39410295112479,-7.2951674922697,-6.41141741502247
0,0.1,0.9,0,0,97,2.53913697602612,0.0910876810405767,0.821103081783699,3.65233342735732,3.96562540777057,-5.76219934335206,-5.94878934702875,-4.79592477518516,-3.78210940205347,-4.02733137291196
0,0.1,0,0.9,0,98,-1.63052426980018,-1.21212456170929,-1.3114083528392,-0.0115276450739051,-0.797858465262969,-4.02314654284028,-6.90218751258758,-7.37128901158862,-6.43317952732915,-8.68722727729884
0,0.1,0,0,0.9,99,-0.132755601648333,1.43584885421115,1.41012074716312,-0.819036344387989,-0.183628138912822,-8.17090614941185,-8.87774724943554,-8.99043074692414,-10.7548288965123,-8.48602088176535
0,0,0.9,0.1,0,101,1.74069567223789,-0.557355175205487,-0.063189799495701,2.35472113321288,1.49192744956841,-3.73425137715824,-4.63707094397223,-3.66835262644365,-3.16115306216345,-3.99661958301317
0,0,0.9,0,0.1,102,1.58338609175636,-0.319990044850534,0.0275009080444124,1.891930321273,1.88687666273005,-4.34581219049739,-5.22555396567692,-4.3263197329137,-3.7130990417387,-3.63167951476303
0,0,0.7,0.3,0,105,0.315661147849165,-1.22693081906386,-0.936030585392097,1.38445599585532,-0.167465265777111,-5.04051240194958,-6.83226384614645,-6.1948053563774,-7.03147711521353,-10.237653459117
0,0,0.5,0.5,0,109,-0.789767619387617,-1.43144162102246,-1.22587497069465,1.06371576208581,-0.668973594218754,-7.53913220585014,-9.74415901752107,-9.22116583371003,-13.5132833206155,-9.06573388537804
0,0,0.5,0,0.5,110,0.250531561988014,0.279505098334773,0.364638881959152,0.261334163225854,-0.0745326367533601,-8.32482904641253,-9.56239562089466,-9.33709545922562,-14.8998234840936,-10.8095887527321
0,0,0.3,0.7,0,114,-1.82687109269071,-1.46212146050443,-1.36421573915895,0.688230795079829,-0.833463053282139,-4.04878940144781,-6.65706039023556,-6.42958450328586,-8.99152797168439,-6.82556238737178
0,0,0.3,0,0.7,115,-0.110277769288716,0.74934840717147,0.816126967358296,-0.188436999507549,-0.364232757110213,-6.00938838163826,-6.88605296821645,-6.84652717855981,-9.072455521273,-10.5846275573474
0,0,0.1,0.9,0,118,-1.82116561394691,-1.24742703430961,-1.29229468064479,0.113472395128454,-0.853417511406693,-8.30303035758971,-10.9129607174222,-11.235489688098,-10.7916243734629,-12.3544911710309
0,0,0.1,0,0.9,119,-0.0651906325946459,1.48743891299166,1.51322278011115,-0.690454649791259,-0.184612186449831,-8.19803850133485,-8.84659157382322,-8.94927103659067,-10.7227438860175,-8.62080322128764
0,0,0,0.9,0.1,121,-0.616589963327715,-0.789582618030058,-0.924490667354503,-0.380109131065644,-0.731038864324696,-4.01995462840251,-6.44918164173632,-7.1238143606384,-6.00721828267446,-7.11880490023883
0,0,0,0.7,0.3,123,-0.47614917652629,-0.384787545725399,-0.404701268959935,-0.154295653598455,-0.931328809914587,-3.78039856319451,-5.63910863217979,-5.88463889730618,-5.83954333356542,-9.210996255284
0,0,0,0.5,0.5,125,-0.157210384538043,0.180912820318983,0.261726078512829,-0.131622027639924,-0.981007671787597,-3.64816968676872,-4.97592452155849,-5.11121355011767,-5.84140435831252,-6.81375797565153
0,0,0,0.3,0.7,127,-0.0844015173833572,0.776433134930545,0.877937940570149,-0.279421857953112,-0.828249368027204,-8.18645539261979,-9.21906205760951,-9.36601765409878,-9.49820475181366,-9.07097743084958
0,0,0,0.1,0.9,129,-0.0334724751486121,1.47819630543618,1.54556386001166,-0.662074196138746,-0.367338268816379,-6.07346473521734,-6.73646558554682,-6.8962267718339,-7.75531217446738,-8.94648508467457
