"Mo","Nb","Ta","V","W","sph_1","sph_2","sph_3","sph_4","alloy_cnt","m_log_max_strain","m_bc_1","m_bc_2","m_bc_3","m_bc_4","var_log_max_strain","var_bc_1","var_bc_2","var_bc_3","var_bc_4"
0.9,0.1,0,0,0,0.321750554396642,0,0,0,3,0.105724402634926,1.11206106403302,0.994837719486064,-1.08560456739427,-0.11101695755754,0.000742478790061218,0.000268395897015689,0.00018921250056219,0.000195088717180405,0.000160285668741903
0.9,0,0.1,0,0,0.321750554396642,1.5707963267949,0,0,4,-0.034491454623912,1.08779932988822,0.987844367794949,-0.918478055476311,-0.303189919045253,0.00154103640615823,0.000606289450423224,0.000438393281419629,0.000344802868176699,0.000459048585562545
0.9,0,0,0.1,0,0.321750554396642,1.5707963267949,1.5707963267949,0,5,0.344657091384444,1.23370206680605,1.13426569652206,-1.02118485263371,0.0657135316971326,0.00531981535714175,0.00215496120020771,0.00170908208559713,0.000767340218290004,0.00161172531352997
0.9,0,0,0,0.1,0.321750554396642,1.5707963267949,1.5707963267949,1.5707963267949,6,0.478005599498215,1.75295694847036,1.59674362122533,-1.28817506594087,0.533779351088019,0.000102210568638307,5.19208111709214e-05,4.26216176810719e-05,5.60590874408391e-06,0.000214327507388589
0.8,0.2,0,0,0,0.463647609000806,0,0,0,9,-0.311155101734004,0.724432762867355,0.615662982435994,-0.826386874166856,-0.346064490457363,0.0181138855376464,0.005666776966847,0.00415990798629242,0.00306360688755282,0.00572829596693411
0.8,0,0.2,0,0,0.463647609000806,1.5707963267949,0,0,10,-0.248908899419266,0.709117031572012,0.653046782720564,-0.568643397909828,-0.48875804313455,0.000307540290560892,0.000109940813853133,7.88480722075268e-05,4.79135180192354e-05,0.000188464648914367
0.8,0,0,0.2,0,0.463647609000806,1.5707963267949,1.5707963267949,0,11,0.434056659865205,1.00088162928782,0.903713455780215,-0.859097803873047,-0.103663408897769,0.00018166625954011,6.3614701693079e-05,4.71129432168196e-05,6.19142217086835e-05,0.000600385605975097
0.8,0,0,0,0.2,0.463647609000806,1.5707963267949,1.5707963267949,1.5707963267949,12,0.2694945161955,1.68761161954022,1.54889125238956,-1.23355468938389,0.242008374461693,0.00108439966781713,0.000561363969044438,0.000446119469581783,8.02760829890051e-05,0.00136123766008542
0.7,0.3,0,0,0,0.579639740363704,0,0,0,13,-0.389323782852289,0.351990222686426,0.214602911214001,-0.654744068385629,-0.410138684875228,0.00393926802218075,0.000961580300649435,0.000751662701385641,0.000570662123207323,0.000311699439735561
0.7,0,0.3,0,0,0.579639740363704,1.5707963267949,0,0,14,-0.300805582237023,0.354688556379513,0.39874401192194,-0.26245261929953,-0.639349143251778,0.0163490905348741,0.00471475246605058,0.00432635853321658,0.00168193968897408,0.000300346793106303
0.7,0,0,0.3,0,0.579639740363704,1.5707963267949,1.5707963267949,0,15,0.362925215230917,0.675950286203671,0.604817329817749,-0.683731040183238,-0.30675647490183,0.000347931800008639,0.000120676410923137,0.000122096061475267,1.39536236955817e-06,0.000580032003030273
0.7,0,0,0,0.3,0.579639740363704,1.5707963267949,1.5707963267949,1.5707963267949,16,0.161908816867602,1.6853677509863,1.55946994775488,-1.18957594194997,0.109662219075629,0.00142115080886075,0.000746502609968325,0.00063050007822905,7.33584991113906e-05,0.00280360401441644
0.6,0.4,0,0,0,0.684719203002283,0,0,0,19,-0.547722430004056,0.136900084113897,-0.00981185245779454,-0.539733283154642,-0.447512676947051,0.00247271264066992,0.000472386570347587,0.000378928200720419,0.000375845163500836,0.000160694323400651
0.6,0,0.4,0,0,0.684719203002283,1.5707963267949,0,0,20,-0.238784007805684,0.0611305924459492,0.176928936275937,0.00450039153774137,-0.632736843389306,8.75069766577662e-28,2.56161791503468e-07,9.46472816364543e-07,7.64695210692718e-06,0.000195848170606963
0.6,0,0,0.4,0,0.684719203002283,1.5707963267949,1.5707963267949,0,21,0.3550369799831,0.421356360698376,0.34454968841281,-0.589692822439485,-0.414242654360713,0.0290536949204993,0.00813195683082932,0.00673087845142028,0.00263938915042891,0.00981055912031779
0.6,0,0,0,0.4,0.684719203002283,1.5707963267949,1.5707963267949,1.5707963267949,22,0.0388403462694673,1.66365255379484,1.55314863204747,-1.12904219213555,-0.0306646724424352,0.00793049343927501,0.00414712252820966,0.00342160140988026,0.000820885066356953,0.00735667828298863
0.5,0.5,0,0,0,0.785398163397448,0,0,0,31,-0.565492532055996,-0.16207063241354,-0.343510985280113,-0.454275001495279,-0.398021507930145,0.000154537423212337,2.6504337871794e-05,2.50954455496446e-05,1.2665291974097e-05,4.63204370031761e-05
0.5,0,0.5,0,0,0.785398163397448,1.5707963267949,0,0,32,-0.0673919298854946,-0.0950376423526096,-0.0189790962120041,0.219130900127311,-0.428005426198496,0.00891996769268831,0.00218438345308078,0.00243992532966711,0.000144639227748123,0.000130407472949247
0.5,0,0,0.5,0,0.785398163397448,1.5707963267949,1.5707963267949,0,33,0.385739318960676,0.201716713667071,0.113767545632291,-0.551074313711264,-0.449646676190527,0.0155455986532602,0.00365414187415358,0.00284773433218072,0.00152195443412166,0.00474450495272536
0.5,0,0,0,0.5,0.785398163397448,1.5707963267949,1.5707963267949,1.5707963267949,34,0.00687202726648305,1.69800498610327,1.60367803734911,-1.1002731046817,-0.0386626310918557,0.00843154749211449,0.00452043178302083,0.00365709840229386,0.00101288135439603,0.00845131263385903
0.4,0.6,0,0,0,0.886077123792614,0,0,0,38,-0.674409867615335,-0.426843789700031,-0.58694382100141,-0.380326963392424,-0.449986822881024,0.000283142444206904,3.28161061015646e-05,1.48004541868578e-05,8.45920649116957e-05,5.63646177264054e-05
0.4,0,0.6,0,0,0.886077123792614,1.5707963267949,0,0,39,0.168143275372414,-0.235498140400909,-0.182218052629022,0.445695782573179,-0.16997292818709,0.00103578136336977,0.000259227897847087,0.000305129845004449,1.16546800884629e-06,3.4327754073747e-05
0.4,0,0,0.6,0,0.886077123792614,1.5707963267949,1.5707963267949,0,40,0.256784437614058,-0.0619402741252759,-0.175131683935067,-0.515324449104909,-0.513065318332026,0.00913409473708222,0.00181371682761443,0.00139487291343422,0.00056179171456252,0.00288056949082839
0.4,0,0,0,0.6,0.886077123792614,1.5707963267949,1.5707963267949,1.5707963267949,41,0.0170149647907223,1.75618516455117,1.6811881268134,-1.08676661116225,-0.0292649354152366,0.000276577267293309,0.000138981010452088,0.000121957699913097,5.44004431427149e-05,9.79869414647665e-05
0.3,0.7,0,0,0,0.991156586431192,0,0,0,49,-0.491620365685456,-0.563561613792218,-0.728544717320355,-0.419227051304823,-0.442679822456532,0.0149305774194503,0.00169800244709064,0.00107963451157344,0.00153230301811924,0.00136188175788818
0.3,0,0.7,0,0,0.991156586431192,1.5707963267949,0,0,50,0.503621502348722,-0.369034556251796,-0.276594567551669,0.721859885856846,0.186716788572281,0.00861555926624119,0.00209654203628375,0.00317805973942959,0.000700966882381053,0.00125441030888102
0.3,0,0,0.7,0,0.991156586431192,1.5707963267949,1.5707963267949,0,51,0.175414835646628,-0.288510292776625,-0.424388691334001,-0.534820867867042,-0.5139499449923,0.0316203769744234,0.00499907732981295,0.00365228088688102,0.00242905343071215,0.0101269478467432
0.3,0,0,0,0.7,0.991156586431192,1.5707963267949,1.5707963267949,1.5707963267949,52,0.0201299478429914,1.80776206340272,1.75468318702015,-1.06649501317779,-0.0092091996019274,0.00150386702571509,0.000868504188645899,0.000768332846826038,6.50155401834646e-05,0.00244240883256709
0.2,0.8,0,0,0,1.10714871779409,0,0,0,58,-0.382154393851838,-0.635208460078359,-0.821391130967421,-0.494042950691346,-0.390956302851758,0.000324335769408558,3.30669616637149e-05,2.22804289693046e-05,2.02327464249331e-05,8.73455765058272e-05
0.2,0,0.8,0,0,1.10714871779409,1.5707963267949,0,0,60,0.992974098834197,-0.435974715395638,-0.252974792940535,1.14603274982867,0.753366428401744,0.00274826980007784,0.000791861616888013,0.0014910792034054,0.0013867251858078,0.00180675119557729
0.2,0,0,0.8,0,1.10714871779409,1.5707963267949,1.5707963267949,0,61,0.0329448624213454,-0.496800800007104,-0.681490423168788,-0.564909114028696,-0.49274698910233,0.000759530636062857,0.000126814085516602,0.000140871590914354,0.000124143125252573,0.00172781459517262
0.2,0,0,0,0.8,1.10714871779409,1.5707963267949,1.5707963267949,1.5707963267949,62,0.170837699278559,1.97683065874751,1.93557771648597,-1.07968720218092,0.203949756771187,0.00718636326162745,0.00451129276853089,0.0039505383476964,0.000370784373426424,0.0103640105133903
0.1,0.9,0,0,0,1.24904577239825,0,0,0,64,-0.119809628232425,-0.764845209264175,-1.0037125525428,-0.583795754415129,-0.275035410299438,0.0108183023326408,0.000901785188678563,0.000438299326212375,0.00109318124527133,0.00239617303304411
0.1,0,0.9,0,0,1.24904577239825,1.5707963267949,0,0,65,1.68756489005314,-0.337197012613645,0.0356880917105311,2.04906013482543,1.8684681254554,0.00176957219966544,0.000743605819104097,0.00187104754158164,0.00366671207540136,0.00346179778166914
0.1,0,0,0.9,0,1.24904577239825,1.5707963267949,1.5707963267949,0,66,-0.142378964858004,-0.698531297651803,-0.92023865108637,-0.603563183575333,-0.47470112856033,0.00355569547175219,0.000333757484605026,0.000184928299646305,0.000434741908078026,0.000925304665880995
0.1,0,0,0,0.9,1.24904577239825,1.5707963267949,1.5707963267949,1.5707963267949,67,0.338981611880948,2.16989636355242,2.14000499637614,-1.0787957505163,0.493125815122747,0.000513023696919124,0.000342295297929832,0.000338122150051997,8.66489611943653e-06,0.000988425102895811
0,0.9,0.1,0,0,1.5707963267949,0.321750554396642,0,0,69,1.02934233634753,-0.606074537058896,-0.9213524992106,-0.644667496161531,0.758764895691061,0.00800354036107341,0.000829864610719357,0.00065896492509629,8.65869768028616e-05,0.0144790396936941
0,0.9,0,0.1,0,1.5707963267949,0.321750554396642,1.5707963267949,0,70,-0.613218401730002,-1.13175432804432,-1.27947681699597,-0.17974347367881,-0.535986022980974,0.0125620574872314,0.000793214706197338,0.00047913653162836,0.000947145782144905,0.000437854115556677
0,0.9,0,0,0.1,1.5707963267949,0.321750554396642,1.5707963267949,1.5707963267949,71,-0.0711436783734214,-0.708571151747621,-0.945211312948837,-0.618859469571463,-0.253888576242148,0.016487288479349,0.00142926936861213,0.000704765797871579,0.0015041941097398,0.00437685488015828
0,0.8,0.2,0,0,1.5707963267949,0.463647609000806,0,0,72,1.2371675298305,-0.561847557933605,-0.83676352681255,-0.373684918693045,1.05762751612212,0.000169467181559409,2.27502203090582e-05,2.59218806880659e-05,5.22693898082535e-05,0.000506818606857459
0,0.8,0,0.2,0,1.5707963267949,0.463647609000806,1.5707963267949,0,73,-1.0925598884061,-1.31123114905332,-1.41849914139645,0.146622503124776,-0.585573103782189,0.0193689497517506,0.00113495400446495,0.000970589793330565,0.000726216084322464,5.27024999460108e-05
0,0.8,0,0,0.2,1.5707963267949,0.463647609000806,1.5707963267949,1.5707963267949,74,-0.276018347776582,-0.582639027655177,-0.771433432142099,-0.537989235454135,-0.355566993129865,0.0012742218797626,0.000132233950879078,8.33015888594459e-05,9.56935669318633e-05,0.000324365372325204
0,0.7,0.3,0,0,1.5707963267949,0.579639740363704,0,0,75,1.47223175162647,-0.500710284913842,-0.706641414351814,-0.0256892440820178,1.44331464560369,0.000616390467756234,9.71501077765781e-05,0.000135720767590701,0.000182603948599845,0.00152488044213263
0,0.7,0,0.3,0,1.5707963267949,0.579639740363704,1.5707963267949,0,76,-1.36743134896539,-1.44303873234718,-1.48994156112545,0.340195580703719,-0.610841560060802,0.0240570554376115,0.00131728903189832,0.00136844681062126,0.000478354804388215,9.32371800157232e-05
0,0.7,0,0,0.3,1.5707963267949,0.579639740363704,1.5707963267949,1.5707963267949,77,-0.279407370578002,-0.373898310628334,-0.531940512033934,-0.532771129001089,-0.361404882233776,0.00124774901419679,0.000142850147777115,9.79184840823768e-05,0.000119617059933228,0.000299284474800734
0,0.6,0.4,0,0,1.5707963267949,0.684719203002283,0,0,78,1.64624138908855,-0.450724412839606,-0.571900762434578,0.37165742957602,1.782540131768,0.000256796901248884,5.45734072607829e-05,9.45557776832414e-05,0.000175752101380721,0.000818388290999818
0,0.6,0,0.4,0,1.5707963267949,0.684719203002283,1.5707963267949,0,79,-1.76823772290425,-1.55717544218622,-1.5769104071066,0.471002597694058,-0.617038723969038,0.0544179980368228,0.00298971325046177,0.00319524327842617,0.000676464526293161,0.000348284287120635
0,0.6,0,0,0.4,1.5707963267949,0.684719203002283,1.5707963267949,1.5707963267949,80,-0.423919017557322,-0.200075647114557,-0.317758436238817,-0.495508509803092,-0.431449786463774,0.000987301255803783,0.000176995321982075,0.000116656204154468,0.00018610507239396,6.34219557888554e-05
0,0.5,0.5,0,0,1.5707963267949,0.785398163397448,0,0,81,1.82748826984258,-0.382634266225327,-0.397241128154496,0.853675911864247,2.16640528294963,0.00473301029833206,0.00125707372087552,0.00261751384027872,0.00595202095951202,0.0165852228389439
0,0.5,0,0.5,0,1.5707963267949,0.785398163397448,1.5707963267949,0,82,-1.8111078971372,-1.5415581529253,-1.55699334434403,0.502302849226304,-0.644069608988323,0.0104614478848005,0.000582225184604525,0.000668034866496956,0.000109329520212772,0.00011890998189889
0,0.5,0,0,0.5,1.5707963267949,0.785398163397448,1.5707963267949,1.5707963267949,83,-0.42440395444065,0.079182880949001,-0.00711038152413753,-0.530804386131754,-0.447171251507553,0.0083151984641678,0.00455030635491563,0.00405357765557141,0.00161826731503818,0.000997075963507214
0,0.4,0.6,0,0,1.5707963267949,0.886077123792614,0,0,84,2.05214336384612,-0.27582367853177,-0.141917134804852,1.48598351873669,2.67106060732776,0.00182103289901987,0.000651909891915874,0.00157399102196915,0.00378154464957558,0.00585561969667033
0,0.4,0,0.6,0,1.5707963267949,0.886077123792614,1.5707963267949,0,85,-1.95086482738498,-1.53193123765032,-1.54181810662105,0.491902488101213,-0.681425293245628,0.00656192350553682,0.000373600192118483,0.000424101552163181,0.000106723709507679,0.000131654336560595
0,0.4,0,0,0.6,1.5707963267949,0.886077123792614,1.5707963267949,1.5707963267949,86,-0.255950633084761,0.407959026256336,0.337110988082512,-0.623195286350358,-0.388139173163405,0.00472398573244259,0.00128567457566404,0.000977770905407069,0.000548907900463791,0.00113010384917462
0,0.3,0.7,0,0,1.5707963267949,0.991156586431192,0,0,90,2.08177382445281,-0.272792741441906,-0.0348382277942869,1.89771406118355,2.80905118755232,0.00358912913656487,0.00153897545113298,0.00399161896650858,0.0106062680927312,0.0145007560684067
0,0.3,0,0.7,0,1.5707963267949,0.991156586431192,1.5707963267949,0,91,-2.14891456307831,-1.51005518370345,-1.52898271359168,0.440993293040502,-0.703896876445445,0.082792262996395,0.00474711103135881,0.00487442796305224,0.00198902604126803,0.00231818250339938
0,0.3,0,0,0.7,1.5707963267949,0.991156586431192,1.5707963267949,1.5707963267949,92,-0.23249284103438,0.724638826426071,0.678340064807257,-0.687968130652411,-0.35964038887871,0.00652591483430194,0.00218986529017462,0.0017883297357237,0.000794219385824454,0.00180899098750712
0,0.2,0.8,0,0,1.5707963267949,1.10714871779409,0,0,94,2.34390966433751,-0.100416008186007,0.36611770989597,2.81317693020653,3.47002433279212,0.00300332275969676,0.0018999247352396,0.00546452466495557,0.0163333630630693,0.0181654792339767
0,0.2,0,0.8,0,1.5707963267949,1.10714871779409,1.5707963267949,0,95,-2.15859274242731,-1.41968577279386,-1.4754780030869,0.31390466586654,-0.744511256616078,0.00608690147667506,0.00036849667908902,0.000342673848244567,0.000265188043471731,7.00789210633716e-05
0,0.2,0,0,0.8,1.5707963267949,1.10714871779409,1.5707963267949,1.5707963267949,96,-0.162066222990411,1.0967076640154,1.06595156000182,-0.793579400861462,-0.317740985480875,0.00122005282087547,0.000479704679274972,0.000336581906714596,0.00038184453377089,1.51550247845729e-05
0,0.1,0.9,0,0,1.5707963267949,1.24904577239825,0,0,97,2.60444490540893,0.120684924312044,0.877125790771341,3.94965029667509,4.21315309976842,0.0031966088671484,0.00275547543845567,0.00884153276779476,0.0266466260109693,0.0196260009557198
0,0.1,0,0.9,0,1.5707963267949,1.24904577239825,1.5707963267949,0,98,-1.59983103364124,-1.21861121526607,-1.32872931405584,-0.0134469801106589,-0.785632419758906,0.0181949361052293,0.00106204026360404,0.000673071317937644,0.00188060289376502,0.00018580814094894
0,0.1,0,0,0.9,1.5707963267949,1.24904577239825,1.5707963267949,1.5707963267949,99,-0.089628548948474,1.50268041883071,1.48640159718236,-0.886906825876282,-0.141060979432328,0.000287475888835945,0.000147287635238555,0.000133314308083422,2.49705797879712e-05,0.000227220528393432
0,0,0.9,0.1,0,1.5707963267949,1.5707963267949,0.321750554396642,0,101,1.79937529319023,-0.545712294513074,-0.0375806603466761,2.54605893565356,1.61726196992808,0.0242893622029986,0.0102298345183116,0.0273039778504139,0.0495815544646555,0.020238101819094
0,0,0.9,0,0.1,1.5707963267949,1.5707963267949,0.321750554396642,1.5707963267949,102,1.64075979777976,-0.301774897114131,0.0562291813919329,2.04547090290281,2.03172047557719,0.0131770630675302,0.00567928521287151,0.0141408149603867,0.0285504557499627,0.0291515220146753
0,0,0.8,0.2,0,1.5707963267949,1.5707963267949,0.463647609000806,0,103,1.09897453894206,-0.920584639785237,-0.556273179143708,1.85938852364246,0.447283813851158,0.0143253123507837,0.00363501610703302,0.00836115734994867,0.00803095192893892,0.000597927971504475
0,0,0.7,0.3,0,1.5707963267949,1.5707963267949,0.579639740363704,0,105,0.362510759122778,-1.23382743459403,-0.940441143067326,1.49654994838448,-0.124099709416881,0.00657830728210301,0.00113895992735372,0.0021827371670835,0.00103385530144778,3.94205975144962e-05
0,0,0.6,0.4,0,1.5707963267949,1.5707963267949,0.684719203002283,0,107,-0.172110033901436,-1.36106318469226,-1.10477837647111,1.32785033459429,-0.442925799396438,0.00262255054524258,0.000384140076343688,0.000706149340123192,0.000147542738825217,0.000187094507418608
0,0,0.6,0,0.4,1.5707963267949,1.5707963267949,0.684719203002283,1.5707963267949,108,0.483827357799755,0.0627690045110698,0.180536716267684,0.545461570856817,0.207572438270671,0.000228775014942336,6.4488679776956e-05,0.000101005208261544,1.82611909996386e-05,8.64358745353009e-06
0,0,0.5,0.5,0,1.5707963267949,1.5707963267949,0.785398163397448,0,109,-0.752094791407141,-1.44400081892875,-1.24025417409953,1.14961410068759,-0.650381027241506,0.000540726137515962,6.19281975039086e-05,0.000105844863702318,1.58287671823161e-06,0.000127256919733455
0,0,0.5,0,0.5,1.5707963267949,1.5707963267949,0.785398163397448,1.5707963267949,110,0.296840496093514,0.314319323478619,0.404962373963268,0.281700097803527,-0.0265764905632626,0.000246464038598477,7.42723695547916e-05,9.42588618256059e-05,3.95621922803771e-07,2.22502482453177e-05
0,0,0.4,0.6,0,1.5707963267949,1.5707963267949,0.886077123792614,0,111,-1.40446000294906,-1.48752370775086,-1.36033076559252,0.943841516595581,-0.723251156762794,0.00849234527644161,0.000685472933458848,0.00103279825586587,2.4415136948837e-06,0.000839543686737311
0,0,0.4,0,0.6,1.5707963267949,1.5707963267949,0.886077123792614,1.5707963267949,112,0.0327920115429475,0.511075745291399,0.585756862526235,0.0360808032719239,-0.235608534307173,0.00306737773574882,0.00111584099608882,0.0012992569631603,1.79887716005191e-06,0.000622609665553528
0,0,0.3,0.7,0,1.5707963267949,1.5707963267949,0.991156586431192,0,114,-1.79780784147279,-1.4755301349014,-1.38335290987567,0.74346238783677,-0.822995766368836,0.0177342972212483,0.00135705777767415,0.00172598952472953,0.00014561981932437,0.00119557142621097
0,0,0.3,0,0.7,1.5707963267949,1.5707963267949,0.991156586431192,1.5707963267949,115,-0.0669641155137112,0.797171854393931,0.87197853236547,-0.204804940178906,-0.330586917646524,0.00249652928320558,0.00107931478286449,0.00113752841103671,0.000134299408425162,2.78634100686323e-05
0,0,0.2,0.8,0,1.5707963267949,1.5707963267949,1.10714871779409,0,116,-1.97991980931035,-1.36994271200813,-1.36303664514857,0.460057670132861,-0.860848217871756,0.015267642373918,0.001062385578558,0.0011164110449925,0.000538349538283764,0.00105237602099724
0,0,0.2,0,0.8,1.5707963267949,1.5707963267949,1.10714871779409,1.5707963267949,117,-0.0799913306779054,1.14399188051978,1.20883370708354,-0.472567922856728,-0.31775975257153,0.00256732343589333,0.00118107470966993,0.00112058666790022,0.000200808756130753,0.00077938084272422
0,0,0.1,0.9,0,1.5707963267949,1.5707963267949,1.24904577239825,0,118,-1.79205499835458,-1.25489115779592,-1.30895826350131,0.12176210918905,-0.843935914164384,0.000251895617045056,1.92435109278362e-05,1.41208244293815e-05,2.40684738818177e-05,4.74670525735815e-06
0,0,0.1,0,0.9,1.5707963267949,1.5707963267949,1.24904577239825,1.5707963267949,119,-0.0215026852468552,1.55569892517895,1.59304962823345,-0.74782355999179,-0.142093635931151,0.000279780856080773,0.000151948713518178,0.000138915977121484,2.57847526301118e-05,0.000198569407128139
0,0,0,0.9,0.1,1.5707963267949,1.5707963267949,1.5707963267949,0.321750554396642,121,-0.577479490635996,-0.784369749896372,-0.92850433152239,-0.412131388315639,-0.715512133327009,0.0182531055710695,0.00167062482966214,0.000862060923577432,0.00287931856927153,0.000891706478219887
0,0,0,0.8,0.2,1.5707963267949,1.5707963267949,1.5707963267949,0.463647609000806,122,-0.632762716844861,-0.641510850375552,-0.699203247716673,-0.235216658211596,-0.857305395500875,0.0335848744073371,0.00406309177591492,0.00273124871959776,0.00517463456334425,0.000283987331456889
0,0,0,0.7,0.3,1.5707963267949,1.5707963267949,1.5707963267949,0.579639740363704,123,-0.435872826209352,-0.368366538850781,-0.390837766519205,-0.167875189753532,-0.925695794363329,0.0231939460624803,0.00375568508823092,0.00297649409435883,0.00340494438920256,0.000110051194612281
0,0,0,0.6,0.4,1.5707963267949,1.5707963267949,1.5707963267949,0.684719203002283,124,-0.255720125428255,-0.103226902104161,-0.047373853652169,-0.13167350597036,-1.00331440839146,0.001263957584103,0.000219561818349211,0.000286138018535758,0.000146910695309839,0.000256555133708242
0,0,0,0.5,0.5,1.5707963267949,1.5707963267949,1.5707963267949,0.785398163397448,125,-0.114286344686873,0.212997180386918,0.298510080602276,-0.143349755105573,-0.977828641241062,0.0264728631294957,0.0072896448406372,0.00645058920797245,0.00339861359614021,0.00120976807023125
0,0,0,0.4,0.6,1.5707963267949,1.5707963267949,1.5707963267949,0.886077123792614,126,-0.0559064758099692,0.490454863979245,0.629150357156722,-0.184018565490987,-0.946053651930361,0.0317580395324408,0.0106535356866557,0.00975783829896727,0.00457954881324807,0.000185387715700069
0,0,0,0.3,0.7,1.5707963267949,1.5707963267949,1.5707963267949,0.991156586431192,127,-0.0408730503492698,0.825006515655792,0.935915376304509,-0.303220747330425,-0.81752454088547,0.000283040429706753,0.000104697220375752,9.15717347725513e-05,8.77351369140664e-05,0.000126591388684309
0,0,0,0.2,0.8,1.5707963267949,1.5707963267949,1.5707963267949,1.10714871779409,128,-0.015120367576399,1.16826473611268,1.27285365285186,-0.488788408227015,-0.634898081781994,0.00115060156156851,0.000504752256358158,0.000436595484409763,0.000245659069935935,4.11296427717843e-05
0,0,0,0.1,0.9,1.5707963267949,1.5707963267949,1.5707963267949,1.24904577239825,129,0.0104787823879187,1.54620040436044,1.62650301799536,-0.717125207526808,-0.333845832205969,0.00234157815442319,0.00125346756425671,0.00108237559985965,0.000501305174034099,0.000143374033404981
